county,infra_loss_ha,infra_share_pct,new_dev_2001_2019_ha,forest_in_new_dev_ha,siting_pct,loss_in_dev_forest_ha,clearing_intensity_pct,canopy_cost_per_100ha_dev,cropland_share_of_dev_pct
Butte,2492,2.0,1349,148,11.0,91,61,6.75,37
San Diego,1998,3.2,10598,286,2.7,167,58,1.58,5
El Dorado,1951,1.7,2140,224,10.5,111,50,5.19,0
Nevada,1722,11.3,532,212,39.8,83,39,15.60,0
Los Angeles,1529,1.1,12362,193,1.6,87,45,0.70,22
Riverside,1313,3.6,30830,203,0.7,154,76,0.50,21
Placer,1186,2.1,5136,215,4.2,77,36,1.50,8
Shasta,1178,0.5,1198,198,16.6,145,73,12.10,9
Mendocino,1044,1.1,466,142,30.4,32,23,6.87,5
Monterey,887,0.8,1144,88,7.7,29,33,2.54,64
San Bernardino,877,1.4,15197,227,1.5,114,50,0.75,15
Sonoma,860,2.3,2450,461,18.8,92,20,3.76,13
Humboldt,840,0.8,1009,332,32.9,58,17,5.75,21
San Luis Obispo,832,1.9,3091,179,5.8,110,61,3.56,41
Santa Cruz,799,4.0,893,648,72.5,33,5,3.70,12
Orange,716,5.0,5129,184,3.6,127,69,2.48,9
Amador,679,5.7,236,30,12.8,16,54,6.78,0
Tulare,551,0.4,6297,427,6.8,399,93,6.34,90
San Mateo,532,9.7,173,62,36.2,8,13,4.62,6
San Joaquin,500,4.0,7411,271,3.7,194,71,2.62,94
Santa Clara,383,1.6,1171,206,17.5,17,8,1.45,27
Calaveras,378,1.0,247,60,24.4,38,63,15.38,0
Fresno,372,0.3,8859,268,3.0,230,86,2.60,86
Madera,368,0.6,1774,63,3.6,43,69,2.42,62
Ventura,297,0.2,3925,146,3.7,54,37,1.38,33
Alameda,283,15.3,1791,73,4.1,7,10,0.39,7
Contra Costa,281,14.8,3563,142,4.0,44,31,1.23,35
Lake,264,0.2,172,55,31.8,49,89,28.49,1
Santa Barbara,248,0.2,1155,50,4.3,17,35,1.47,45
Marin,206,12.0,403,83,20.5,3,4,0.74,1
Napa,197,0.4,823,93,11.3,17,18,2.07,15
Yuba,180,1.5,1009,252,24.9,26,10,2.58,78
Siskiyou,179,0.0,275,40,14.4,20,51,7.27,27
Tehama,169,0.1,550,43,7.9,30,68,5.45,28
Kern,149,0.2,15568,137,0.9,61,44,0.39,61
Stanislaus,142,0.4,3674,122,3.3,90,74,2.45,92
Sutter,130,2.1,782,102,13.0,88,86,11.25,97
Kings,116,1.5,3302,31,0.9,28,91,0.85,92
Solano,80,0.9,3059,44,1.4,4,9,0.13,43
Sacramento,56,5.0,6733,28,0.4,5,17,0.07,49
Merced,35,0.2,3072,35,1.1,26,74,0.85,80
